Questionnare Choices,Initial Ability,Number of Listening materials,Average Difficulty,Tested ability,Correct Answers Indices,Wrong Answer Indices,Max Topics of Right,Max Topics of Wrong,ICC evaluate Acc,Basic Score evaluate,Recommendation by Correct Answer,Recommendation by Wrong Answer,Similarity evaluate
"[2, 2, 3, 1, 2, 3]",2.86,4,3.5,4.149658560752869,"[4539, 1239, 2539]",[11043],0,0,0.1457507603617489,0.1467135931679349,"[11897, 316, 12365]",[ 7820  3142 11672  6665  2538],No Result Now
"[2, 2, 3, 1, 2, 3]",2.86,4,3.5,4.149658560752869,"[4539, 1239, 2539]",[11043],0,0,0.1457507603617489,0.1467135931679349,"[11897, 316, 12365]",[ 7820  3142 11672  6665  2538],No Result Now
"[2, 2, 3, 1, 2, 3]",2.86,4,3.5,4.149658560752869,"[4539, 1239, 2539]",[11043],0,0,0.1457507603617489,0.1467135931679349,"[11897, 316, 12365]",[ 7820  3142 11672  6665  2538],No Result Now
"[2, 2, 3, 1, 2, 3]",2.86,4,3.5,4.149658560752869,"[4539, 1239, 2539]",[11043],0,0,0.1457507603617489,0.14671359316793497,"[11897, 316, 12365]",[ 7820  3142 11672  6665  2538],No Result Now
