Initial Ability,Number of Listening materials,Average Difficulty,Tested ability,Correct Answers Indices,Wrong Answer Indices,Max Topics of Right,Max Topics of Wrong,ICC evaluate Acc,Basic Score evaluate,Recommendation by Correct Answer,Recommendation by Wrong Answer,Similarity evaluate
3.1428571428571432,4,2.91,2.4209113347340487,[1995],"[5527, 1219, 10216]",0,0,0.4031595877206399,0.1975767850811529,"[11897, 316]",[ 8870  4330  6179  3790 10213],No Result Now
3.1428571428571432,4,2.91,2.4209113347340487,[1995],"[5527, 1219, 10216]",0,0,0.4031595877206399,0.1975767850811529,"[11897, 316]",[ 8870  4330  6179  3790 10213],No Result Now
